{"name":"ScoreGenius","short_name":"ScoreGenius","description":"ScoreGenius: Powerful predictive stats for passionate fans","start_url":"/app/","display":"standalone","background_color":"#ffffff","theme_color":"#1F2937","lang":"en","scope":"/app","display_override":["fullscreen","standalone","minimal-ui"],"icons":[{"src":"/icons/football-icon-192.png","sizes":"192x192","type":"image/png"},{"src":"/icons/football-icon-512.png","sizes":"512x512","type":"image/png","purpose":"any"},{"src":"/icons/football-icon-maskable-512.png","sizes":"512x512","type":"image/png","purpose":"maskable"}]}